text,url,source_feed
"Lakers draft pick Cameron Carr on whom he’d rather guard, SGA or Anthony Edwards: ""Yeah, I ain't dealing with the flopping, Anthony Edwards""",https://www.reddit.com/r/nba/comments/1ue2rb0/lakers_draft_pick_cameron_carr_on_whom_hed_rather/,https://www.reddit.com/r/nba/.rss
[Charania] Sources: New York is trading No. 24 to the Los Angeles Lakers for No. 25.,https://www.reddit.com/r/nba/comments/1ue1bwt/charania_sources_new_york_is_trading_no_24_to_the/,https://www.reddit.com/r/nba/.rss
Cade Cunningham gets trolled on Instagram live before draft night,https://www.reddit.com/r/nba/comments/1udtv9n/cade_cunningham_gets_trolled_on_instagram_live/,https://www.reddit.com/r/nba/.rss
[2026 NBA Draft] #1 Pick: AJ Dybantsa (BYU),https://www.reddit.com/r/nba/comments/1udy24d/2026_nba_draft_1_pick_aj_dybantsa_byu/,https://www.reddit.com/r/nba/.rss
[Highlight] Warriors General Manager Mike Dunleavy and owner Joe Lacob visibly disagree on what to do with the 11th overall pick.,https://www.reddit.com/r/nba/comments/1ue06to/highlight_warriors_general_manager_mike_dunleavy/,https://www.reddit.com/r/nba/.rss
"[ESPN] Cameron Boozer: ""Many years down the line, people are gonna look back and say I should’ve been [the No. 1 pick].”",https://www.reddit.com/r/nba/comments/1udu4t9/espn_cameron_boozer_many_years_down_the_line/,https://www.reddit.com/r/nba/.rss
[All-Access] Anicet Dybantsa Jr. is selected 1st overall by the Washington Wizards in the 2026 NBA Draft.,https://www.reddit.com/r/nba/comments/1udy8d3/allaccess_anicet_dybantsa_jr_is_selected_1st/,https://www.reddit.com/r/nba/.rss
[Charania] Sources: New York traded No. 25 pick Sergio De Larrea to the Dallas Mavericks for No. 30 Koa Peat and two second-round picks. And then the Knicks traded Peat to the Phoenix Suns for three-rounders and cash. So Knicks move out of the first round — pick up 3 seconds and cash.,https://www.reddit.com/r/nba/comments/1ue2f4l/charania_sources_new_york_traded_no_25_pick/,https://www.reddit.com/r/nba/.rss
"Yaxel Lendeborg on playing with Stephen Curry: ""It’s a full-circle moment for me. In 2016, I’m a big Kyrie guy, so I used to hate Steph Curry.""",https://www.reddit.com/r/nba/comments/1ue265l/yaxel_lendeborg_on_playing_with_stephen_curry_its/,https://www.reddit.com/r/nba/.rss
"[Kenney] Becky Hammon on Jalen Brunson: “Jalen, all he did was prove history wrong, he proves he's an outlier, so you can put his name next to Steph Curry and Isaiah Thomas…He was that 1A dude, but like, apologize, I’m never gonna apologize for having an opinion, that’s what ESPN pays me for.”",https://www.reddit.com/r/nba/comments/1udpvht/kenney_becky_hammon_on_jalen_brunson_jalen_all_he/,https://www.reddit.com/r/nba/.rss
"Cameron Carr says ""I'm being traded, I'm being traded"" as he walks up to the podium to greet Adam Silver after being drafted",https://www.reddit.com/r/nba/comments/1ue2oqw/cameron_carr_says_im_being_traded_im_being_traded/,https://www.reddit.com/r/nba/.rss
Who else is excited for the Adam Silver gimmick of starting all NBA related events 30 minutes late.,https://www.reddit.com/r/nba/comments/1udx0ks/who_else_is_excited_for_the_adam_silver_gimmick/,https://www.reddit.com/r/nba/.rss
"[KUTV2news] Darryn Peterson: “I think me and Keyonte are going to be one of the best backcourts in the NBA…and what fans should know about me? I’m a cool guy, approachable. Want a pic or autograph or anything just come say what’s up!”",https://www.reddit.com/r/nba/comments/1ue34zj/kutv2news_darryn_peterson_i_think_me_and_keyonte/,https://www.reddit.com/r/nba/.rss
"Jalen Brunson to release children's book: 'I’ve been thinking a lot about how I can show kids who might not be the tallest or the fastest, that they, too, have greatness in them.'",https://www.reddit.com/r/nba/comments/1udlf0t/jalen_brunson_to_release_childrens_book_ive_been/,https://www.reddit.com/r/nba/.rss
"[All-Access] “It was meant to be, bro!” Cameron Boozer meets his new Memphis Grizzlies teammate Cedric Coward.",https://www.reddit.com/r/nba/comments/1udz1ks/allaccess_it_was_meant_to_be_bro_cameron_boozer/,https://www.reddit.com/r/nba/.rss
"The NBA Draft should be incredible TV. Instead, the league keeps botching it.",https://www.reddit.com/r/nba/comments/1ue3hv8/the_nba_draft_should_be_incredible_tv_instead_the/,https://www.reddit.com/r/nba/.rss
[All-Access] Caleb Wilson is selected 4th overall by the Chicago Bulls in the 2026 NBA Draft.,https://www.reddit.com/r/nba/comments/1udyn00/allaccess_caleb_wilson_is_selected_4th_overall_by/,https://www.reddit.com/r/nba/.rss
"Yaxel Lendeborg on the hypothetical of Draymond Green giving him the number 23 jersey in exchange for wearing Michigan State gear every day: ""Nah. I'm not doing it, man. I hate those guys.""",https://www.reddit.com/r/nba/comments/1ue2106/yaxel_lendeborg_on_the_hypothetical_of_draymond/,https://www.reddit.com/r/nba/.rss
[2026 NBA Draft] #12 Pick: Aday Mara (Michigan) – selected by Oklahoma City,https://www.reddit.com/r/nba/comments/1udzlx6/2026_nba_draft_12_pick_aday_mara_michigan/,https://www.reddit.com/r/nba/.rss
"[Charania] Denver is trading No. 26 to the San Antonio Spurs for No. 35 and two future second round picks, sources said. The Spurs pick Tarris Reed Jr. at No. 26.",https://www.reddit.com/r/nba/comments/1ue1th3/charania_denver_is_trading_no_26_to_the_san/,https://www.reddit.com/r/nba/.rss
[Charania] Another Grizzlies trade: Memphis is trading No. 17 to the Detroit Pistons to move back to No. 21 -- for three second round picks.,https://www.reddit.com/r/nba/comments/1ue0fzb/charania_another_grizzlies_trade_memphis_is/,https://www.reddit.com/r/nba/.rss
[2026 NBA Draft] #3 Pick: Cameron Boozer (Duke),https://www.reddit.com/r/nba/comments/1udyc2k/2026_nba_draft_3_pick_cameron_boozer_duke/,https://www.reddit.com/r/nba/.rss
"[Charania] The Boston Celtics are listening, engaging, and discussing trades with multiple teams centered around Jaylen Brown right now— hours before the NBA Draft.",https://www.reddit.com/r/nba/comments/1udr542/charania_the_boston_celtics_are_listening/,https://www.reddit.com/r/nba/.rss
"Former Michigan forward Yaxel Lendeborg’s message to his college coach, new Dallas Mavericks head coach Dusty May: “Draft me. Please.”",https://www.reddit.com/r/nba/comments/1udvc75/former_michigan_forward_yaxel_lendeborgs_message/,https://www.reddit.com/r/nba/.rss
"[Charania] BLOCKBUSTER: The Milwaukee Bucks are trading franchise icon Giannis Antetokounmpo and Bobby Portis to the Miami Heat for Tyler Herro, Kel'el Ware, Jaime Jaquez Jr., Kasparas Jakucionis, 3 first-round picks (including No. 13), 1 pick swap and 1 second-rounder, sources tell ESPN.",https://www.reddit.com/r/nba/comments/1ud6bzb/charania_blockbuster_the_milwaukee_bucks_are/,https://www.reddit.com/r/nba/top/.rss?t=week
[Highlight] KAT and Mayor Mamdani lean back together on the Knicks’ float,https://www.reddit.com/r/nba/comments/1u98gjt/highlight_kat_and_mayor_mamdani_lean_back/,https://www.reddit.com/r/nba/top/.rss?t=week
NYC Mayor Mamdani's passionate speech about the Knicks journey to the championship.,https://www.reddit.com/r/nba/comments/1u9bu55/nyc_mayor_mamdanis_passionate_speech_about_the/,https://www.reddit.com/r/nba/top/.rss?t=week
NYPD confuses Tyler Kolek for a fan jumping the barricade,https://www.reddit.com/r/nba/comments/1u9cs1k/nypd_confuses_tyler_kolek_for_a_fan_jumping_the/,https://www.reddit.com/r/nba/top/.rss?t=week
NYC Mayor Mamdani's Entire Speech at Knicks Parade,https://www.reddit.com/r/nba/comments/1u9d2w8/nyc_mayor_mamdanis_entire_speech_at_knicks_parade/,https://www.reddit.com/r/nba/top/.rss?t=week
Josh Hart's wife sticks her thumb in a forbidden place during the Knicks Championship Parade,https://www.reddit.com/r/nba/comments/1u9bjqk/josh_harts_wife_sticks_her_thumb_in_a_forbidden/,https://www.reddit.com/r/nba/top/.rss?t=week
Knicks fan dumped trash from a public garbage can painted in team colors onto the sidewalk… & stole the trash can…,https://www.reddit.com/r/nba/comments/1uacag4/knicks_fan_dumped_trash_from_a_public_garbage_can/,https://www.reddit.com/r/nba/top/.rss?t=week
"Hi everyone, Yao Ming here. I appreciate all the love but what I'd like more is for everyone to get an early night's sleep so they're fresh for the draft tomorrow.",https://www.reddit.com/r/nba/comments/1ud3la0/hi_everyone_yao_ming_here_i_appreciate_all_the/,https://www.reddit.com/r/nba/top/.rss?t=week
"Jaylen Brown on Shanghai Sharks: ""Listen y’all, cut the check Shanghai I’m outta here. You write a check $400M… I play for all the teams at the same time. Get ready to learn Mandarin buddy.""",https://www.reddit.com/r/nba/comments/1ucbdfa/jaylen_brown_on_shanghai_sharks_listen_yall_cut/,https://www.reddit.com/r/nba/top/.rss?t=week
"Rewatching Game 7 of the 2016 Finals is crazy. There is no flailing, head snapping, falling down after every shot, jumping sideways, etc. They’re playing actually basketball down the stretch",https://www.reddit.com/r/nba/comments/1ua284i/rewatching_game_7_of_the_2016_finals_is_crazy/,https://www.reddit.com/r/nba/top/.rss?t=week
"[Charania] Just in: Minnesota is sending Julius Randle and the No. 28 pick in the NBA Draft to the Brooklyn Nets in a three-team trade that sends Nic Claxton to the Chicago Bulls, sources tell ESPN. The Timberwolves will acquire Brooklyn’s No. 33 pick for Randle and No. 28.",https://www.reddit.com/r/nba/comments/1ud4ayh/charania_just_in_minnesota_is_sending_julius/,https://www.reddit.com/r/nba/top/.rss?t=week
LeBron James’ Athleticism During His First Cleveland Stint,https://www.reddit.com/r/nba/comments/1ubvqff/lebron_james_athleticism_during_his_first/,https://www.reddit.com/r/nba/top/.rss?t=week
"Durant On Warriors: ""I didn't have no relationship with nobody on the Warriors… They never been a winning organization when I was in the league. Nobody liked Golden State. It felt like an underdog to me because I'm looking at the totality of the franchise, not what happened these last 5 years""",https://www.reddit.com/r/nba/comments/1ubonhe/durant_on_warriors_i_didnt_have_no_relationship/,https://www.reddit.com/r/nba/top/.rss?t=week
[Late Night with Seth Meyers] Karl-Anthony Towns: “It was so amazing to see our team bring together New York…Hell I saw Brooklyn celebrating for the Knicks and they have a whole team!”,https://www.reddit.com/r/nba/comments/1u8dtr1/late_night_with_seth_meyers_karlanthony_towns_it/,https://www.reddit.com/r/nba/top/.rss?t=week
"[Charania] BREAKING: Trae Young intends to sign a four-year, approximately $212 million deal to stay with the Washington Wizards, with a player option in Year 4, sources tell ESPN. The four-time NBA All-Star declined his $49M player option for a long-term commitment ahead of free agency.",https://www.reddit.com/r/nba/comments/1uct5yo/charania_breaking_trae_young_intends_to_sign_a/,https://www.reddit.com/r/nba/top/.rss?t=week
[Windhorst] The Boston Celtics have firmly put Jaylen Brown on the table and are going all-in on acquiring Giannis Antetokounmpo.,https://www.reddit.com/r/nba/comments/1ucixxd/windhorst_the_boston_celtics_have_firmly_put/,https://www.reddit.com/r/nba/top/.rss?t=week
"[Charania] BREAKING: University of Michigan coach Dusty May has agreed to become the new head coach of the Dallas Mavericks, sources tell me, @AdamSchefter , @PeteThamel . Major college-to-pro jump for the 2026 NCAA championship coach and swing for the Mavericks and Masai Ujiri.",https://www.reddit.com/r/nba/comments/1uclsmz/charania_breaking_university_of_michigan_coach/,https://www.reddit.com/r/nba/top/.rss?t=week
Random goalkeeper in WC game had a good game and went from 50k to 14.5 million followers. Wemby has 6.2 million. Does this show how basketball is not as global as some here think it is?,https://www.reddit.com/r/nba/comments/1ualfjg/random_goalkeeper_in_wc_game_had_a_good_game_and/,https://www.reddit.com/r/nba/top/.rss?t=week
Live from the Knicks parade,https://www.reddit.com/r/nba/comments/1u9g7p9/live_from_the_knicks_parade/,https://www.reddit.com/r/nba/top/.rss?t=week
"In the first Knicks Championship parade in over 53 years, James Dolan and NYC politicians got 13 minutes of podium mic time. All Knicks players combined got 2 minutes of podium mic time, including 0 minutes for KAT, OG, and Alvarado",https://www.reddit.com/r/nba/comments/1uaeffd/in_the_first_knicks_championship_parade_in_over/,https://www.reddit.com/r/nba/top/.rss?t=week
Back When LeBron James Was Enjoying A NBA Game On StreamEast in 2025,https://www.reddit.com/r/nba/comments/1u95b8y/back_when_lebron_james_was_enjoying_a_nba_game_on/,https://www.reddit.com/r/nba/top/.rss?t=week
"Josh Hart on the Spurs beating OKC: ""You see that reaction because they think they gonna win it""",https://www.reddit.com/r/nba/comments/1uajj64/josh_hart_on_the_spurs_beating_okc_you_see_that/,https://www.reddit.com/r/nba/top/.rss?t=week
"[Charania] The Oklahoma City Thunder are finalizing a trade to send guard Aaron Wiggins to the Atlanta Hawks for two second-round picks (Atlanta's in 2030 and the least favorable of Hawks/Lakers in 2032), sources tell ESPN.",https://www.reddit.com/r/nba/comments/1uc891j/charania_the_oklahoma_city_thunder_are_finalizing/,https://www.reddit.com/r/nba/top/.rss?t=week
